lambda (nm),counts,
179.631,-50.83,
180.012,145.17,
180.394,-51.83,
180.775,-280.83,
181.157,464.17,
181.538,-95.83,
0.182,670.17,
182.301,-144.83,
182.683,-114.83,
183.064,-105.83,
183.446,-344.83,
183.827,-89.83,
184.208,-388.83,
0.185,-463.83,
184.971,-549.83,
185.352,-285.83,
185.733,-382.83,
186.115,-432.83,
186.496,-308.83,
186.877,-104.83,
187.258,-205.83,
187.639,-23.83,
0.188,-277.83,
188.401,-209.83,
188.782,104.17,
189.163,-270.83,
189.544,-393.83,
189.925,-326.83,
190.306,-261.83,
190.686,-93.83,
191.067,-163.83,
191.448,-291.83,
191.829,-437.83,
0.192,-369.83,
0.193,715.17,
192.971,-375.83,
193.351,-147.83,
193.732,-267.83,
194.113,-120.83,
194.493,-300.83,
194.874,-312.83,
195.254,421.17,
195.635,-340.83,
196.015,-276.83,
196.396,-115.83,
196.776,-465.83,
197.156,-360.83,
197.537,-417.83,
197.917,-214.83,
198.297,-397.83,
198.677,-362.83,
199.057,-345.83,
199.438,-248.83,
199.818,-411.83,
200.198,-468.83,
200.578,-6.83,
200.958,-315.83,
201.338,-386.83,
201.718,-373.83,
202.098,-220.83,
202.478,108.17,
202.858,-377.83,
203.238,-444.83,
203.618,-393.83,
203.997,-433.83,
204.377,-95.83,
204.757,-247.83,
205.137,-221.83,
205.516,14.17,
205.896,-471.83,
206.276,-348.83,
206.655,-324.83,
207.035,-476.83,
207.414,-161.83,
207.794,-67.83,
208.173,-346.83,
208.553,-415.83,
208.932,-448.83,
209.312,-380.83,
209.691,-341.83,
0.210,-262.83,
0.210,644.17,
210.829,-559.83,
211.208,-246.83,
211.588,-382.83,
211.967,-434.83,
212.346,-255.83,
212.725,-202.83,
213.104,-208.83,
213.483,-586.83,
213.862,-306.83,
214.241,-507.83,
0.215,123.17,
214.999,-431.83,
215.378,27.17,
215.757,-90.83,
216.136,-382.83,
216.515,-286.83,
216.894,-397.83,
217.272,-410.83,
217.651,61.17,
0.218,-398.83,
218.409,-443.83,
218.787,34.17,
219.166,-577.83,
219.545,-398.83,
219.923,-244.83,
220.302,-464.83,
0.221,-222.83,
221.059,-439.83,
221.437,-427.83,
221.816,-377.83,
222.194,-351.83,
222.572,-378.83,
222.951,-372.83,
223.329,-177.83,
223.707,-344.83,
224.085,-292.83,
224.464,-308.83,
224.842,-141.83,
0.225,-298.83,
225.598,-509.83,
225.976,-491.83,
226.354,-414.83,
226.732,-421.83,
0.227,-296.83,
227.488,-271.83,
227.866,-655.83,
228.244,-258.83,
228.622,-356.83,
0.229,-206.83,
229.378,-238.83,
229.756,-431.83,
230.133,-464.83,
230.511,-529.83,
230.889,-487.83,
231.267,-447.83,
231.644,-308.83,
232.022,-512.83,
232.399,-159.83,
232.777,-19.83,
233.154,-424.83,
233.532,-355.83,
233.909,-364.83,
234.287,-95.83,
234.664,-160.83,
235.042,-544.83,
235.419,-553.83,
235.796,-227.83,
236.174,-402.83,
236.551,-322.83,
236.928,-642.83,
237.305,-465.83,
237.682,-459.83,
0.238,-319.83,
238.437,-307.83,
238.814,-6.83,
239.191,-390.83,
239.568,-306.83,
239.945,-354.83,
240.322,-301.83,
240.699,-333.83,
241.076,-436.83,
241.452,-378.83,
241.829,-467.83,
242.206,-225.83,
242.583,40.17,
0.243,-375.83,
243.336,-167.83,
243.713,277.17,
0.244,-166.83,
244.466,-391.83,
244.843,-242.83,
245.219,-354.83,
245.596,-241.83,
245.972,-348.83,
246.349,-410.83,
246.725,-510.83,
247.102,-435.83,
247.478,-437.83,
247.855,-256.83,
248.231,-427.83,
248.607,-649.83,
248.983,-364.83,
0.249,1000.17,
249.736,-516.83,
250.112,-490.83,
250.488,-313.83,
250.864,-323.83,
0.251,-518.83,
251.616,-415.83,
251.992,-511.83,
252.368,-492.83,
252.744,-371.83,
0.253,642.17,
253.496,-365.83,
253.872,531.17,
254.248,-324.83,
254.624,-403.83,
254.999,-366.83,
255.375,-266.83,
255.751,-475.83,
256.126,-441.83,
256.502,-459.83,
256.878,-440.83,
257.253,-457.83,
257.629,-590.83,
258.004,-398.83,
0.258,-347.83,
258.755,-308.83,
259.131,-450.83,
259.506,-331.83,
259.882,27.17,
260.257,-419.83,
260.632,-381.83,
261.007,-416.83,
261.383,-340.83,
261.758,-419.83,
262.133,-255.83,
262.508,-501.83,
262.883,-199.83,
263.258,-186.83,
263.633,-395.83,
264.008,-385.83,
264.383,-376.83,
264.758,-46.83,
265.133,-166.83,
265.508,-315.83,
265.883,-204.83,
266.258,-448.83,
266.633,-582.83,
267.008,-342.83,
267.382,-516.83,
267.757,-367.83,
268.132,-560.83,
268.506,-270.83,
268.881,-425.83,
269.256,-498.83,
0.270,-466.83,
270.005,-414.83,
270.379,-396.83,
270.754,-187.83,
271.128,-469.83,
271.502,-436.83,
271.877,-463.83,
272.251,-462.83,
272.626,-456.83,
0.273,-353.83,
273.374,-550.83,
273.748,-414.83,
274.122,-328.83,
274.497,-606.83,
274.871,-230.83,
275.245,-341.83,
275.619,-592.83,
275.993,-301.83,
276.367,-495.83,
276.741,-307.83,
277.115,-297.83,
277.489,-416.83,
277.863,-427.83,
278.236,-459.83,
0.279,-252.83,
278.984,605.17,
279.358,-480.83,
279.732,-304.83,
280.105,-439.83,
280.479,-382.83,
280.852,-432.83,
281.226,-406.83,
0.282,-324.83,
281.973,-367.83,
282.347,-459.83,
0.283,-161.83,
283.094,-277.83,
283.467,-251.83,
0.284,-394.83,
284.214,-165.83,
284.587,-431.83,
0.285,-270.83,
285.333,-309.83,
285.707,-459.83,
0.286,-248.83,
286.453,-294.83,
286.826,626.17,
287.199,-304.83,
287.572,-211.83,
287.945,-422.83,
288.318,-323.83,
288.691,-160.83,
289.064,-303.83,
289.437,-552.83,
0.290,-231.83,
290.183,-346.83,
290.556,-178.83,
290.928,-423.83,
291.301,-575.83,
291.674,-583.83,
292.046,-422.83,
292.419,-81.83,
292.792,-554.83,
293.164,-424.83,
293.537,-396.83,
293.909,-502.83,
294.282,-339.83,
294.654,-223.83,
295.027,-441.83,
295.399,-549.83,
295.771,-359.83,
296.144,-362.83,
296.516,-153.83,
296.888,-125.83,
297.261,380.17,
297.633,-363.83,
298.005,-309.83,
298.377,256.17,
298.749,-584.83,
299.121,-369.83,
299.493,-689.83,
299.865,-568.83,
300.237,-565.83,
300.609,-295.83,
300.981,-187.83,
301.353,-283.83,
301.725,-411.83,
302.097,-257.83,
302.468,-360.83,
0.303,-376.83,
303.212,-146.83,
303.584,-467.83,
303.955,-271.83,
304.327,-407.83,
304.698,-483.83,
0.305,-354.83,
305.442,-483.83,
305.813,-145.83,
306.184,-87.83,
306.556,591.17,
306.927,-518.83,
307.299,-435.83,
0.308,-479.83,
308.041,-349.83,
308.413,-375.83,
308.784,-343.83,
309.155,-412.83,
309.526,-313.83,
309.897,-427.83,
310.268,-115.83,
0.311,-481.83,
311.011,-377.83,
311.382,-139.83,
311.753,-395.83,
312.123,-342.83,
312.494,-188.83,
312.865,-463.83,
313.236,-530.83,
313.607,-378.83,
313.978,-517.83,
314.348,-341.83,
314.719,-278.83,
0.315,-360.83,
315.461,-134.83,
315.831,-210.83,
316.202,-474.83,
316.572,-407.83,
316.943,-482.83,
317.313,-108.83,
317.684,-568.83,
318.054,-603.83,
318.425,-349.83,
318.795,-449.83,
319.165,-312.83,
319.536,-135.83,
319.906,-366.83,
320.276,-471.83,
320.646,-425.83,
321.016,-384.83,
321.387,-375.83,
321.757,-290.83,
322.127,-461.83,
322.497,-454.83,
322.867,-222.83,
323.237,-563.83,
323.607,-320.83,
323.977,-281.83,
324.346,-475.83,
324.716,-447.83,
325.086,-544.83,
325.456,-377.83,
325.826,-475.83,
326.195,-236.83,
326.565,-142.83,
326.935,-321.83,
327.304,-382.83,
327.674,-410.83,
328.043,-261.83,
328.413,-401.83,
328.782,-51.83,
329.152,-244.83,
329.521,-449.83,
329.891,-554.83,
0.330,-319.83,
330.629,-516.83,
330.999,-358.83,
331.368,-407.83,
331.737,-340.83,
332.106,-362.83,
332.475,-355.83,
332.845,-238.83,
333.214,-348.83,
333.583,-475.83,
333.952,-124.83,
334.321,-470.83,
0.335,-392.83,
335.059,-241.83,
335.427,-371.83,
335.796,-437.83,
336.165,-633.83,
336.534,-582.83,
336.903,-488.83,
337.271,-398.83,
0.338,-186.83,
338.009,-281.83,
338.377,-199.83,
338.746,-357.83,
339.114,379.17,
339.483,-140.83,
339.852,-208.83,
0.340,-377.83,
340.588,-215.83,
340.957,-326.83,
341.325,-557.83,
341.693,-220.83,
342.062,-374.83,
0.342,-429.83,
342.798,-337.83,
343.166,-300.83,
343.535,-522.83,
343.903,-327.83,
344.271,-419.83,
344.639,637.17,
345.007,-263.83,
345.375,-283.83,
345.743,-425.83,
346.111,-539.83,
346.479,-307.83,
346.847,-410.83,
347.214,-458.83,
347.582,-368.83,
0.348,-448.83,
348.318,-213.83,
348.685,-367.83,
349.053,-246.83,
349.421,-340.83,
349.788,-242.83,
350.156,-298.83,
350.523,-402.83,
350.891,-476.83,
351.258,-512.83,
351.626,-406.83,
351.993,-424.83,
0.352,-430.83,
352.728,-369.83,
353.095,-400.83,
353.462,-367.83,
0.354,-502.83,
354.197,-332.83,
354.564,-226.83,
354.931,-371.83,
355.298,-163.83,
355.665,626.17,
356.032,-522.83,
356.399,-115.83,
356.766,-380.83,
357.133,-504.83,
0.358,-439.83,
357.867,226.17,
358.234,-281.83,
0.359,-259.83,
358.967,-386.83,
359.334,-421.83,
359.701,-254.83,
360.067,-509.83,
360.434,-206.83,
360.801,-304.83,
361.167,-301.83,
361.534,-495.83,
0.362,-440.83,
362.267,-255.83,
362.633,-372.83,
362.999,-598.83,
363.366,-344.83,
363.732,-266.83,
364.098,-372.83,
364.465,-286.83,
364.831,-412.83,
365.197,-198.83,
365.563,-73.83,
365.929,-265.83,
366.295,-321.83,
366.661,-379.83,
367.027,-207.83,
367.393,-391.83,
367.759,-390.83,
368.125,340.17,
368.491,-190.83,
368.857,-373.83,
369.223,-105.83,
369.589,-225.83,
369.954,-257.83,
0.370,56.17,
370.686,-403.83,
371.051,-240.83,
371.417,-405.83,
371.782,-349.83,
372.148,-318.83,
372.513,-211.83,
372.879,-211.83,
373.244,-212.83,
0.374,-100.83,
373.975,-383.83,
374.341,-195.83,
374.706,-85.83,
375.071,-262.83,
375.436,-9.83,
375.802,-103.83,
376.167,-21.83,
376.532,-57.83,
376.897,-45.83,
377.262,-12.83,
377.627,198.17,
377.992,275.17,
378.357,176.17,
378.722,-62.83,
379.087,138.17,
379.452,277.17,
379.816,395.17,
380.181,379.17,
380.546,577.17,
380.911,681.17,
381.275,921.17,
0.382,775.17,
382.005,1207.17,
382.369,1087.17,
382.734,1811.17,
383.098,1725.17,
383.463,2191.17,
383.827,2223.17,
384.192,2561.17,
384.556,2680.17,
0.385,2840.17,
385.285,3376.17,
385.649,4290.17,
386.013,4500.17,
386.377,5152.17,
386.742,5507.17,
387.106,6207.17,
0.387,7304.17,
387.834,7655.17,
388.198,8825.17,
388.562,9312.17,
388.926,10156.17,
0.389,11594.17,
389.654,12625.17,
390.018,13496.17,
390.381,15197.17,
390.745,15881.17,
391.109,17875.17,
391.473,19006.17,
391.836,20608.17,
0.392,23235.17,
392.564,25165.17,
392.927,26730.17,
393.291,27759.17,
393.654,30290.17,
394.018,32850.17,
394.381,33874.17,
394.745,35941.17,
395.108,38905.17,
395.471,41168.17,
395.835,43103.17,
396.198,45056.17,
396.561,48548.17,
396.924,49901.17,
397.287,51321.17,
397.651,54114.17,
398.014,54859.17,
398.377,55624.17,
0.399,56603.17,
399.103,55889.17,
399.466,58954.17,
399.829,58290.17,
400.191,57276.17,
400.554,57425.17,
400.917,55650.17,
0.401,56754.17,
401.643,52083.17,
402.005,51698.17,
402.368,50394.17,
402.731,49019.17,
403.093,46261.17,
403.456,45332.17,
403.818,41144.17,
404.181,39145.17,
404.543,39470.17,
404.906,37473.17,
405.268,35623.17,
405.631,33739.17,
405.993,30454.17,
406.355,28870.17,
406.718,27113.17,
0.407,26341.17,
407.442,24485.17,
407.804,23866.17,
408.166,23290.17,
408.528,21414.17,
0.409,21754.17,
409.252,19805.17,
409.614,18052.17,
409.976,16836.17,
410.338,16300.17,
0.411,15532.17,
411.062,15316.17,
411.424,14752.17,
411.785,13478.17,
412.147,13299.17,
412.509,13381.17,
412.871,11556.17,
413.232,10816.17,
413.594,9871.17,
413.955,9514.17,
414.317,8999.17,
414.678,8043.17,
0.415,7464.17,
415.401,7020.17,
415.763,6615.17,
416.124,6236.17,
416.485,5782.17,
416.847,5198.17,
417.208,5088.17,
417.569,4342.17,
0.418,3992.17,
418.291,3774.17,
418.652,3541.17,
419.013,3408.17,
419.374,3076.17,
419.735,3720.17,
420.096,2750.17,
420.457,2516.17,
420.818,2522.17,
421.179,2240.17,
0.422,1927.17,
421.901,1700.17,
422.261,2053.17,
422.622,1688.17,
422.983,1560.17,
423.343,1820.17,
423.704,1538.17,
424.065,1472.17,
424.425,1377.17,
424.786,1394.17,
425.146,1237.17,
425.506,957.17,
425.867,1086.17,
426.227,1002.17,
426.588,942.17,
426.948,1122.17,
427.308,926.17,
427.668,992.17,
428.028,707.17,
428.389,661.17,
428.749,681.17,
429.109,668.17,
429.469,653.17,
429.829,1256.17,
430.189,576.17,
430.549,346.17,
430.909,307.17,
431.268,304.17,
431.628,303.17,
431.988,284.17,
432.348,317.17,
432.707,540.17,
433.067,160.17,
433.427,144.17,
433.786,240.17,
434.146,215.17,
434.506,332.17,
434.865,-154.83,
435.224,-4.83,
435.584,86.17,
435.943,207.17,
436.303,110.17,
436.662,-144.83,
437.021,173.17,
0.437,231.17,
0.438,-7.83,
438.099,-81.83,
438.458,-167.83,
438.817,-166.83,
439.176,-82.83,
439.535,-102.83,
439.894,252.17,
440.253,-350.83,
440.612,-175.83,
440.971,-76.83,
0.441,30.17,
441.689,-183.83,
442.047,-205.83,
442.406,-3.83,
442.765,-229.83,
443.124,-57.83,
443.482,-318.83,
443.841,-354.83,
444.199,26.17,
444.558,-227.83,
444.916,229.17,
445.275,-150.83,
445.633,-240.83,
445.992,-78.83,
0.446,-128.83,
446.708,-336.83,
447.066,-260.83,
447.425,-394.83,
447.783,-378.83,
448.141,-256.83,
448.499,-360.83,
448.857,-147.83,
449.215,-125.83,
449.573,-278.83,
449.931,13.17,
450.289,-87.83,
450.647,-49.83,
451.005,-379.83,
451.363,-391.83,
451.721,-218.83,
452.078,-277.83,
452.436,-346.83,
452.794,529.17,
453.152,-272.83,
453.509,-116.83,
453.867,-393.83,
454.224,-190.83,
454.582,-221.83,
454.939,-419.83,
455.297,-222.83,
455.654,-275.83,
456.011,-440.83,
456.369,-356.83,
456.726,-508.83,
457.083,-513.83,
457.441,-164.83,
457.798,-317.83,
458.155,-85.83,
458.512,-241.83,
458.869,-49.83,
459.226,-165.83,
459.583,159.17,
0.460,-374.83,
460.297,-304.83,
460.654,-330.83,
461.011,-284.83,
461.368,-363.83,
461.724,-329.83,
462.081,-503.83,
462.438,-153.83,
462.794,-399.83,
463.151,-310.83,
463.508,-370.83,
463.864,-507.83,
464.221,475.17,
464.577,-356.83,
464.934,-399.83,
0.465,-433.83,
465.646,-305.83,
466.003,-115.83,
466.359,-288.83,
466.715,-185.83,
467.072,-254.83,
467.428,-175.83,
467.784,-257.83,
0.468,-268.83,
468.496,-207.83,
468.852,-406.83,
469.208,-252.83,
469.564,1063.17,
0.470,-153.83,
470.276,-358.83,
470.632,-305.83,
470.988,2.17,
471.343,-397.83,
471.699,-315.83,
472.055,-338.83,
472.411,-422.83,
472.766,-372.83,
473.122,-97.83,
473.477,-287.83,
473.833,-358.83,
474.188,-377.83,
474.544,-149.83,
474.899,-286.83,
475.255,-333.83,
0.476,-365.83,
475.965,-304.83,
476.321,-402.83,
476.676,-364.83,
477.031,-405.83,
477.386,-126.83,
477.741,-384.83,
478.096,-255.83,
478.451,-476.83,
478.806,-173.83,
479.161,-226.83,
479.516,-387.83,
479.871,-412.83,
480.226,-41.83,
480.581,441.17,
480.936,-172.83,
0.481,-216.83,
481.645,-414.83,
0.482,-174.83,
482.354,209.17,
482.709,-398.83,
483.064,-480.83,
483.418,-148.83,
483.773,-319.83,
484.127,-489.83,
484.482,-553.83,
484.836,-354.83,
0.485,-226.83,
485.545,-304.83,
485.899,-411.83,
486.253,-159.83,
486.607,-166.83,
486.961,-229.83,
487.315,836.17,
0.488,-480.83,
488.024,-269.83,
488.378,-356.83,
488.732,-588.83,
489.086,-288.83,
489.439,-390.83,
489.793,-166.83,
490.147,339.17,
490.501,-175.83,
490.855,27.17,
491.208,-270.83,
491.562,-282.83,
491.916,-319.83,
492.269,-256.83,
492.623,-92.83,
492.976,-521.83,
0.493,-422.83,
493.683,-351.83,
494.037,-260.83,
0.494,-62.83,
494.743,-145.83,
495.097,-331.83,
0.495,-243.83,
495.803,-365.83,
496.156,-216.83,
496.509,-387.83,
496.862,-366.83,
497.215,-523.83,
497.569,-322.83,
497.922,-318.83,
498.274,-359.83,
498.627,-270.83,
0.499,-283.83,
499.333,-393.83,
499.686,-258.83,
500.039,-253.83,
500.391,-253.83,
500.744,-219.83,
501.097,-192.83,
501.449,-197.83,
501.802,-381.83,
502.154,-177.83,
502.507,-260.83,
502.859,-254.83,
503.212,-28.83,
503.564,526.17,
503.917,-368.83,
504.269,-415.83,
504.621,-171.83,
504.973,-5.83,
505.326,-390.83,
505.678,-438.83,
0.506,70.17,
506.382,-378.83,
506.734,-274.83,
507.086,-273.83,
507.438,-445.83,
0.508,-219.83,
508.142,-294.83,
508.494,-422.83,
508.845,-327.83,
509.197,-417.83,
509.549,-268.83,
509.901,530.17,
510.252,-376.83,
510.604,-495.83,
510.956,-8.83,
511.307,-384.83,
511.659,-242.83,
0.512,-408.83,
512.361,-330.83,
512.713,-165.83,
513.064,-306.83,
513.416,-332.83,
513.767,-454.83,
514.118,-561.83,
514.469,-253.83,
0.515,-433.83,
515.172,-418.83,
515.523,-373.83,
515.874,135.17,
516.225,-222.83,
516.576,-146.83,
516.927,-290.83,
517.278,-198.83,
517.628,-256.83,
517.979,-228.83,
0.518,-327.83,
518.681,-334.83,
519.031,-479.83,
519.382,14.17,
519.733,-458.83,
520.083,-400.83,
520.434,-284.83,
520.784,-363.83,
521.135,-197.83,
521.485,-350.83,
521.836,-299.83,
522.186,-461.83,
522.536,-198.83,
522.887,-341.83,
523.237,-201.83,
523.587,-265.83,
523.937,-297.83,
524.287,-144.83,
524.638,-359.83,
524.988,-193.83,
525.338,-273.83,
525.688,-367.83,
526.038,-320.83,
526.387,-442.83,
526.737,-254.83,
527.087,-147.83,
527.437,-342.83,
527.787,-211.83,
528.136,-265.83,
528.486,-122.83,
528.836,-295.83,
529.185,-415.83,
529.535,-299.83,
529.884,58.17,
530.234,-338.83,
530.583,-123.83,
530.933,-226.83,
531.282,-383.83,
531.631,-240.83,
531.981,-52.83,
0.532,-441.83,
532.679,-402.83,
533.028,161.17,
533.377,131.17,
533.726,-388.83,
534.076,-222.83,
534.425,-299.83,
534.774,-361.83,
535.122,-382.83,
535.471,-293.83,
0.536,-335.83,
536.169,-37.83,
536.518,-125.83,
536.867,158.17,
537.215,-181.83,
537.564,-417.83,
537.913,-244.83,
538.261,-195.83,
0.539,-295.83,
538.958,-209.83,
539.307,-388.83,
539.655,-249.83,
540.003,-156.83,
540.352,-425.83,
0.541,-339.83,
541.048,-161.83,
541.397,-454.83,
541.745,-230.83,
542.093,71.17,
542.441,-463.83,
542.789,-256.83,
543.137,-230.83,
543.485,-48.83,
543.833,-231.83,
544.181,-327.83,
544.529,-7.83,
544.877,-508.83,
545.225,-261.83,
545.572,-366.83,
0.546,-372.83,
546.268,-440.83,
546.615,-174.83,
546.963,-291.83,
547.311,-231.83,
547.658,-273.83,
548.006,-316.83,
548.353,-217.83,
548.701,-220.83,
549.048,-227.83,
549.395,-146.83,
549.743,-333.83,
0.550,-134.83,
550.437,-450.83,
550.784,-280.83,
551.131,-249.83,
551.478,181.17,
551.825,-337.83,
552.173,-167.83,
552.519,-158.83,
552.866,-289.83,
553.213,-115.83,
0.554,-356.83,
553.907,-161.83,
554.254,-278.83,
554.601,59.17,
554.947,-436.83,
555.294,-401.83,
555.641,-316.83,
555.987,-304.83,
556.334,-132.83,
0.557,-295.83,
557.027,-228.83,
557.373,-163.83,
557.719,-33.83,
558.066,-133.83,
558.412,-371.83,
558.758,-494.83,
559.105,-330.83,
559.451,-365.83,
559.797,-228.83,
560.143,-421.83,
560.489,-197.83,
560.835,-280.83,
561.181,-271.83,
561.527,228.17,
561.873,-225.83,
562.219,-472.83,
562.565,-465.83,
562.911,-334.83,
563.256,-405.83,
563.602,-245.83,
563.948,-295.83,
564.293,-273.83,
564.639,-235.83,
564.985,-475.83,
0.565,-466.83,
565.676,-328.83,
566.021,-364.83,
566.366,-229.83,
566.712,-342.83,
567.057,-449.83,
567.402,-450.83,
567.748,-262.83,
568.093,-28.83,
568.438,-203.83,
568.783,-123.83,
569.128,566.17,
569.473,-136.83,
569.818,-321.83,
570.163,-105.83,
570.508,-114.83,
570.853,-364.83,
571.198,-232.83,
571.543,-399.83,
571.887,-21.83,
572.232,-294.83,
572.577,-202.83,
572.921,-339.83,
573.266,-191.83,
573.611,662.17,
573.955,-331.83,
0.574,-311.83,
574.644,-244.83,
574.988,-178.83,
575.333,-310.83,
575.677,-486.83,
576.021,-325.83,
576.366,-299.83,
0.577,-200.83,
577.054,-33.83,
577.398,-514.83,
577.742,-223.83,
578.086,-386.83,
0.578,-201.83,
578.774,-279.83,
579.118,-301.83,
579.462,-520.83,
579.806,-322.83,
0.580,-157.83,
580.493,-359.83,
580.837,-216.83,
581.181,-287.83,
581.524,-324.83,
581.868,-388.83,
582.212,-512.83,
582.555,-209.83,
582.899,-99.83,
583.242,-275.83,
583.585,1149.17,
583.929,-267.83,
584.272,-67.83,
584.615,982.17,
584.959,-343.83,
585.302,-401.83,
585.645,-414.83,
585.988,-290.83,
586.331,-216.83,
586.674,-132.83,
587.017,502.17,
0.587,-343.83,
587.703,-208.83,
588.046,-389.83,
588.389,-81.83,
588.732,-149.83,
589.074,-328.83,
589.417,-452.83,
0.590,-268.83,
590.102,-500.83,
590.445,-220.83,
590.788,-277.83,
0.591,-224.83,
591.473,-133.83,
591.815,-499.83,
592.157,-117.83,
0.593,-203.83,
592.842,-397.83,
593.184,-406.83,
593.526,-365.83,
593.869,-59.83,
594.211,-249.83,
594.553,-229.83,
594.895,-283.83,
595.237,-199.83,
595.579,-446.83,
595.921,-255.83,
596.263,-231.83,
596.605,-333.83,
596.947,213.17,
597.288,-168.83,
0.598,528.17,
597.972,-133.83,
598.313,-244.83,
598.655,-341.83,
598.997,-116.83,
599.338,-267.83,
0.600,-437.83,
600.021,-466.83,
600.362,-180.83,
600.704,-286.83,
601.045,-237.83,
601.386,-367.83,
601.728,-331.83,
602.069,-241.83,
0.602,-211.83,
602.751,-202.83,
603.092,-307.83,
603.433,1017.17,
603.774,-326.83,
604.115,-416.83,
604.456,-275.83,
604.797,-373.83,
605.138,-406.83,
605.479,-219.83,
0.606,-379.83,
0.606,-159.83,
606.501,-166.83,
606.842,-207.83,
607.182,-316.83,
607.523,-399.83,
607.863,-158.83,
608.204,-190.83,
608.544,-137.83,
608.885,-116.83,
609.225,16.17,
609.565,-211.83,
609.905,-321.83,
610.246,-233.83,
610.586,-507.83,
610.926,-249.83,
611.266,-441.83,
611.606,-217.83,
611.946,-367.83,
612.286,-224.83,
612.626,-407.83,
612.966,-20.83,
613.306,-126.83,
613.646,-339.83,
613.985,-252.83,
614.325,-202.83,
614.665,51.17,
615.005,-147.83,
615.344,-251.83,
615.684,722.17,
616.023,-108.83,
616.363,-288.83,
616.702,-244.83,
617.042,-205.83,
617.381,-112.83,
0.618,-159.83,
0.618,-200.83,
618.399,-171.83,
618.738,-359.83,
619.077,74.17,
619.416,-273.83,
619.755,-261.83,
620.094,-409.83,
620.433,-195.83,
620.772,-252.83,
621.111,-433.83,
0.621,-226.83,
621.789,-24.83,
622.128,-45.83,
622.466,-409.83,
622.805,-594.83,
623.144,-358.83,
623.482,-185.83,
623.821,-32.83,
624.159,590.17,
624.498,-248.83,
624.836,-280.83,
625.175,-210.83,
625.513,-154.83,
625.851,735.17,
0.626,-155.83,
626.528,-209.83,
626.866,-415.83,
627.204,-169.83,
627.542,-350.83,
627.881,-95.83,
628.219,-278.83,
628.557,-196.83,
628.895,-437.83,
629.232,-125.83,
0.630,-18.83,
629.908,-186.83,
630.246,-194.83,
630.584,-186.83,
630.921,-177.83,
631.259,-310.83,
631.597,708.17,
631.934,-260.83,
632.272,-286.83,
632.609,-284.83,
632.947,-359.83,
633.284,-66.83,
633.621,-446.83,
633.959,-191.83,
634.296,-225.83,
634.633,-172.83,
634.971,-64.83,
635.308,-212.83,
635.645,-252.83,
635.982,-377.83,
636.319,-96.83,
636.656,-216.83,
636.993,-241.83,
0.637,-330.83,
637.667,-308.83,
638.003,-443.83,
0.638,-268.83,
638.677,-187.83,
639.014,-174.83,
0.639,-328.83,
639.687,-204.83,
640.023,-3.83,
0.640,-73.83,
640.696,-235.83,
641.033,-207.83,
641.369,-214.83,
641.706,-236.83,
642.042,-352.83,
642.378,-220.83,
642.715,-311.83,
643.051,-178.83,
643.387,-287.83,
643.723,-339.83,
644.059,109.17,
644.395,-334.83,
644.731,-424.83,
645.067,-304.83,
645.403,-168.83,
645.739,-215.83,
646.075,-446.83,
0.646,-95.83,
646.746,-239.83,
647.082,2141.17,
647.417,591.17,
647.753,-200.83,
648.089,-78.83,
648.424,-213.83,
0.649,-313.83,
649.095,-104.83,
0.649,-74.83,
649.766,46.17,
650.101,-340.83,
650.436,-457.83,
650.771,-169.83,
651.107,-114.83,
651.442,-250.83,
651.777,-310.83,
652.112,-389.83,
652.447,-278.83,
652.782,-199.83,
653.117,-138.83,
653.452,99.17,
653.787,-109.83,
654.121,695.17,
654.456,-77.83,
654.791,-247.83,
655.125,-234.83,
0.655,-230.83,
655.795,-356.83,
656.129,-252.83,
656.464,-96.83,
656.798,-295.83,
657.133,113.17,
657.467,-394.83,
657.801,-342.83,
658.136,-225.83,
0.658,-352.83,
658.804,-321.83,
659.138,-407.83,
659.472,-354.83,
659.806,-158.83,
0.660,-338.83,
660.474,-108.83,
660.808,-198.83,
661.142,-218.83,
661.476,-460.83,
0.662,-190.83,
662.144,-257.83,
662.477,-11.83,
662.811,-178.83,
663.145,-191.83,
663.478,-236.83,
663.812,-365.83,
664.145,-286.83,
664.479,-211.83,
664.812,-367.83,
665.146,-228.83,
665.479,-174.83,
665.812,-195.83,
666.146,-339.83,
666.479,-447.83,
666.812,-422.83,
667.145,-397.83,
667.478,-265.83,
667.811,-120.83,
668.144,-279.83,
668.477,-319.83,
0.669,-459.83,
669.143,-189.83,
669.476,-337.83,
669.809,-412.83,
670.141,-214.83,
670.474,-293.83,
670.807,-261.83,
671.139,-310.83,
671.472,-127.83,
671.804,-410.83,
672.137,541.17,
672.469,794.17,
672.802,-81.83,
673.134,-214.83,
673.467,-127.83,
673.799,-279.83,
674.131,-221.83,
674.463,-114.83,
674.795,-392.83,
675.127,-203.83,
675.459,-251.83,
675.792,-200.83,
676.123,-257.83,
676.455,-285.83,
676.787,-363.83,
677.119,-193.83,
677.451,-401.83,
677.783,-111.83,
678.114,-56.83,
678.446,-292.83,
678.778,-263.83,
679.109,774.17,
679.441,-464.83,
679.772,-185.83,
680.104,-144.83,
680.435,-349.83,
680.767,-157.83,
681.098,-281.83,
681.429,-160.83,
0.682,-358.83,
682.092,-281.83,
682.423,-133.83,
682.754,-4.83,
683.085,-386.83,
683.416,-375.83,
683.747,-298.83,
684.078,-112.83,
684.409,-185.83,
0.685,-379.83,
0.685,-144.83,
685.401,-334.83,
685.732,-334.83,
686.063,-84.83,
686.393,-83.83,
686.724,-431.83,
687.054,-211.83,
687.385,-331.83,
687.715,-114.83,
688.046,-240.83,
688.376,50.17,
688.706,-147.83,
689.037,-387.83,
689.367,-205.83,
689.697,-442.83,
690.027,-389.83,
690.357,-121.83,
690.687,-77.83,
691.017,-326.83,
691.347,-228.83,
691.677,-143.83,
692.007,-174.83,
692.337,-191.83,
692.667,-161.83,
692.997,-298.83,
693.326,-354.83,
693.656,-370.83,
693.986,-225.83,
694.315,-100.83,
694.645,-30.83,
694.974,-377.83,
695.304,-269.83,
695.633,-310.83,
695.962,-248.83,
696.292,-160.83,
696.621,-369.83,
0.697,-142.83,
697.279,-202.83,
697.609,-160.83,
697.938,-43.83,
698.267,65.17,
698.596,-407.83,
698.925,-184.83,
699.254,-296.83,
699.583,-238.83,
699.911,-390.83,
0.700,-371.83,
700.569,-174.83,
700.898,-489.83,
701.226,57.17,
701.555,-484.83,
701.883,-444.83,
702.212,-229.83,
0.703,-280.83,
702.869,-260.83,
703.197,-238.83,
703.526,-358.83,
703.854,-147.83,
704.182,-167.83,
0.705,-33.83,
704.839,-449.83,
705.167,-126.83,
705.495,-180.83,
705.823,-224.83,
706.151,59.17,
706.479,-395.83,
706.807,-266.83,
707.135,-350.83,
707.462,40.17,
0.708,1.17,
708.118,-135.83,
708.446,-379.83,
708.773,-260.83,
709.101,127.17,
709.429,-147.83,
709.756,-158.83,
710.084,-362.83,
710.411,-219.83,
710.738,-123.83,
711.066,-215.83,
711.393,-129.83,
0.712,-292.83,
712.047,-157.83,
712.375,206.17,
712.702,-92.83,
713.029,-378.83,
713.356,297.17,
713.683,-185.83,
0.714,-256.83,
714.337,-381.83,
714.663,-302.83,
0.715,-474.83,
715.317,-391.83,
715.644,-328.83,
0.716,-532.83,
716.297,-64.83,
716.624,-115.83,
0.717,-271.83,
717.277,-384.83,
717.603,-193.83,
0.718,-146.83,
718.256,-202.83,
718.582,-183.83,
718.908,-36.83,
719.235,-148.83,
719.561,-379.83,
719.887,-341.83,
720.213,-534.83,
720.539,-159.83,
720.865,-378.83,
721.191,-471.83,
721.517,-258.83,
721.843,-235.83,
722.169,-138.83,
722.495,-306.83,
0.723,7.17,
723.146,-135.83,
723.472,-30.83,
723.797,-349.83,
724.123,-214.83,
724.448,-71.83,
724.774,-334.83,
725.099,482.17,
725.425,14.17,
0.726,-278.83,
726.075,-76.83,
0.726,-244.83,
726.726,-221.83,
727.051,-303.83,
727.376,-190.83,
727.701,-138.83,
728.026,-239.83,
728.351,-313.83,
728.676,-143.83,
729.001,988.17,
729.326,-275.83,
729.651,-211.83,
729.975,-204.83,
0.730,-276.83,
730.625,-354.83,
730.949,-370.83,
731.274,-383.83,
731.598,189.17,
731.923,-298.83,
732.247,-89.83,
732.572,-149.83,
732.896,-63.83,
0.733,-144.83,
733.545,-368.83,
733.869,-43.83,
734.193,-36.83,
734.517,-328.83,
734.841,-150.83,
735.165,47.17,
735.489,-17.83,
735.813,-439.83,
736.137,-333.83,
736.461,-225.83,
736.785,-113.83,
737.108,67.17,
737.432,-220.83,
737.756,-276.83,
0.738,-341.83,
738.403,-352.83,
738.727,-304.83,
0.739,-32.83,
739.374,-559.83,
739.697,-479.83,
0.740,-265.83,
740.344,-194.83,
740.667,28.17,
0.741,-241.83,
741.313,-168.83,
741.636,-402.83,
0.742,-249.83,
742.283,-249.83,
742.606,-595.83,
742.929,-339.83,
743.251,-57.83,
743.574,-139.83,
743.897,-198.83,
0.744,-364.83,
744.543,-321.83,
744.865,-164.83,
745.188,-326.83,
745.511,-577.83,
745.833,8.17,
746.156,-184.83,
746.478,224.17,
0.747,-103.83,
747.123,-241.83,
747.445,562.17,
747.767,-240.83,
0.748,-210.83,
748.412,-241.83,
748.734,-189.83,
749.056,-164.83,
749.378,-71.83,
0.750,-281.83,
750.022,-145.83,
750.344,-187.83,
750.666,-231.83,
750.988,-157.83,
751.309,-228.83,
751.631,-202.83,
751.953,-372.83,
752.274,-346.83,
752.596,374.17,
752.918,-197.83,
753.239,39.17,
0.754,-198.83,
753.882,-191.83,
754.203,-272.83,
754.525,-149.83,
754.846,-303.83,
755.167,-369.83,
755.488,-207.83,
755.809,-250.83,
0.756,-145.83,
756.451,-226.83,
756.772,-173.83,
757.093,-303.83,
757.414,-151.83,
757.735,-342.83,
758.056,-415.83,
758.377,-4.83,
758.697,-280.83,
759.018,-46.83,
759.339,-384.83,
759.659,-192.83,
0.760,-293.83,
0.760,-323.83,
760.621,-243.83,
760.941,-381.83,
761.262,-214.83,
761.582,-396.83,
761.902,-246.83,
762.222,-218.83,
762.543,-349.83,
762.863,-371.83,
763.183,-213.83,
763.503,-82.83,
763.823,-562.83,
764.143,-260.83,
764.463,-271.83,
764.782,-45.83,
765.102,-241.83,
765.422,-148.83,
765.742,-191.83,
766.061,165.17,
766.381,-254.83,
766.701,-346.83,
0.767,-258.83,
0.767,-215.83,
767.659,-283.83,
767.978,-443.83,
768.298,122.17,
768.617,-403.83,
768.936,-167.83,
769.255,-233.83,
769.575,-285.83,
769.894,-250.83,
770.213,-222.83,
770.532,-325.83,
770.851,-224.83,
0.771,-274.83,
771.489,-484.83,
771.807,-157.83,
772.126,-209.83,
772.445,-186.83,
772.764,-106.83,
773.082,-198.83,
773.401,-178.83,
773.719,-60.83,
774.038,-389.83,
774.356,-381.83,
774.675,-364.83,
774.993,-62.83,
775.312,-207.83,
0.776,-44.83,
775.948,-192.83,
776.266,335.17,
776.584,-353.83,
776.902,-426.83,
777.221,-197.83,
777.539,-341.83,
777.856,-187.83,
778.174,-178.83,
778.492,-297.83,
0.779,-202.83,
779.128,34.17,
779.446,-410.83,
779.763,-340.83,
780.081,-362.83,
780.398,-418.83,
780.716,-319.83,
781.033,-283.83,
781.351,-311.83,
781.668,-234.83,
781.986,72.17,
782.303,-248.83,
0.783,-147.83,
782.937,-364.83,
783.255,-357.83,
783.572,-219.83,
783.889,-194.83,
784.206,-229.83,
784.523,-320.83,
0.785,-205.83,
785.157,-452.83,
785.473,-198.83,
0.786,-412.83,
786.107,-365.83,
786.424,-80.83,
0.787,-283.83,
787.057,-375.83,
787.373,-195.83,
0.788,-45.83,
788.006,41.17,
788.323,420.17,
788.639,1266.17,
788.956,-376.83,
789.272,-317.83,
789.588,-206.83,
789.904,-115.83,
0.790,-36.83,
790.536,-94.83,
790.852,328.17,
791.168,-258.83,
791.484,-325.83,
0.792,-174.83,
792.116,-259.83,
792.432,-366.83,
792.748,-123.83,
793.063,-123.83,
793.379,-268.83,
793.695,-125.83,
0.794,-355.83,
794.326,21.17,
794.641,-428.83,
794.957,-140.83,
795.272,-93.83,
795.587,-300.83,
795.903,-234.83,
796.218,-460.83,
796.533,-101.83,
796.848,10.17,
797.163,-198.83,
797.479,-212.83,
797.794,-95.83,
798.108,-191.83,
798.423,-68.83,
798.738,-301.83,
799.053,70.17,
799.368,-393.83,
799.683,-382.83,
799.997,-266.83,
800.312,-287.83,
800.626,-327.83,
800.941,60.17,
801.255,-127.83,
0.802,-89.83,
801.884,-285.83,
802.199,-191.83,
802.513,516.17,
802.827,-343.83,
803.141,-301.83,
803.456,-288.83,
0.804,-224.83,
804.084,-418.83,
804.398,-181.83,
804.712,-171.83,
805.026,-336.83,
0.805,-250.83,
805.653,-41.83,
805.967,-360.83,
806.281,-60.83,
806.595,-76.83,
806.908,16.17,
807.222,-403.83,
807.535,-105.83,
807.849,-102.83,
808.162,-108.83,
808.476,-283.83,
808.789,30.17,
809.102,-246.83,
809.416,-384.83,
809.729,111.17,
810.042,495.17,
810.355,-214.83,
810.668,-61.83,
810.981,-184.83,
811.294,-183.83,
811.607,-155.83,
0.812,-130.83,
812.233,-105.83,
812.546,-125.83,
812.858,-468.83,
813.171,-61.83,
813.484,-333.83,
813.796,-246.83,
814.109,-71.83,
814.421,-304.83,
814.734,-92.83,
815.046,-277.83,
815.358,-6.83,
815.671,-315.83,
815.983,-323.83,
816.295,-316.83,
816.607,-195.83,
0.817,-32.83,
817.232,-137.83,
817.544,177.17,
817.856,-298.83,
818.168,-159.83,
818.479,-225.83,
818.791,-122.83,
819.103,-124.83,
819.415,-180.83,
819.726,-329.83,
820.038,-386.83,
0.820,-355.83,
820.661,-416.83,
820.973,-414.83,
821.284,-276.83,
821.596,-59.83,
821.907,1994.17,
822.218,-51.83,
822.529,-178.83,
822.841,-351.83,
823.152,-432.83,
823.463,-82.83,
823.774,-175.83,
824.085,13.17,
824.396,37.17,
824.707,-174.83,
825.018,-145.83,
825.329,-342.83,
825.639,-53.83,
0.826,-110.83,
826.261,-3.83,
826.571,956.17,
826.882,-482.83,
827.193,-317.83,
827.503,1370.17,
827.813,-387.83,
828.124,-61.83,
828.434,-373.83,
828.744,128.17,
829.055,-52.83,
829.365,-24.83,
829.675,-316.83,
829.985,-218.83,
830.295,-200.83,
830.605,-136.83,
830.915,-137.83,
831.225,-137.83,
831.535,-415.83,
831.845,-216.83,
832.155,-188.83,
832.464,-8.83,
832.774,-296.83,
833.084,-323.83,
833.393,-309.83,
833.703,8.17,
834.012,-362.83,
834.322,-381.83,
834.631,-252.83,
0.835,-355.83,
0.835,79.17,
835.559,-125.83,
835.868,153.17,
836.177,-185.83,
836.486,62.17,
836.795,37.17,
837.104,-246.83,
837.413,-76.83,
837.722,-231.83,
838.031,11.17,
0.838,-213.83,
838.648,-203.83,
838.957,-100.83,
839.266,-172.83,
839.574,-14.83,
839.883,-278.83,
840.191,-165.83,
0.841,-309.83,
840.808,-274.83,
841.117,-31.83,
841.425,-356.83,
841.733,-87.83,
842.041,-74.83,
0.842,-216.83,
842.658,-38.83,
842.966,-205.83,
843.274,-130.83,
843.582,-217.83,
0.844,-496.83,
844.198,-246.83,
844.505,145.17,
844.813,56.17,
845.121,-121.83,
845.429,-283.83,
845.736,-461.83,
846.044,28.17,
846.351,-176.83,
846.659,-271.83,
846.966,-165.83,
847.274,-169.83,
847.581,-323.83,
847.888,-140.83,
848.196,-61.83,
848.503,-381.83,
0.849,-278.83,
849.117,-323.83,
849.424,-163.83,
849.731,-152.83,
850.038,779.17,
850.345,-108.83,
850.652,-241.83,
850.959,-158.83,
851.265,44.17,
851.572,-60.83,
851.879,-422.83,
852.185,-269.83,
852.492,-265.83,
852.798,-16.83,
853.105,-413.83,
853.411,-257.83,
853.718,-222.83,
854.024,11.17,
0.854,-246.83,
854.636,-226.83,
854.943,-337.83,
855.249,-164.83,
855.555,-188.83,
855.861,-189.83,
856.167,-319.83,
856.473,2.17,
856.779,-162.83,
857.084,-167.83,
0.857,15.17,
857.696,-105.83,
858.002,-28.83,
858.307,-391.83,
858.613,-227.83,
858.918,-97.83,
859.224,-213.83,
859.529,-47.83,
859.835,-170.83,
0.860,165.17,
860.445,-21.83,
0.861,-30.83,
861.056,-124.83,
861.361,-118.83,
861.666,-309.83,
861.971,-222.83,
862.276,-85.83,
862.581,28.17,
862.886,-225.83,
0.863,34.17,
863.495,-293.83,
0.864,-37.83,
864.105,-116.83,
864.409,-118.83,
864.714,-292.83,
865.018,-166.83,
865.323,-345.83,
865.627,-342.83,
865.932,-227.83,
866.236,-77.83,
0.867,-194.83,
866.845,-201.83,
867.149,-98.83,
867.453,-68.83,
867.757,-459.83,
868.061,-165.83,
868.365,-360.83,
868.669,-350.83,
868.973,-234.83,
869.277,-163.83,
869.581,119.17,
869.884,-344.83,
870.188,-42.83,
870.492,147.17,
870.795,-192.83,
871.099,-155.83,
871.402,-429.83,
871.706,-127.83,
872.009,-80.83,
872.313,-206.83,
872.616,-197.83,
872.919,-175.83,
873.222,-355.83,
873.526,-128.83,
873.829,-77.83,
874.132,-95.83,
874.435,-139.83,
874.738,-293.83,
875.041,-176.83,
875.344,-238.83,
875.646,-132.83,
875.949,-123.83,
876.252,-351.83,
876.554,-141.83,
876.857,-448.83,
0.877,129.17,
877.462,-99.83,
877.765,84.17,
878.067,-298.83,
878.369,93.17,
878.672,-10.83,
878.974,42.17,
879.276,-213.83,
879.578,-195.83,
0.880,-6.83,
880.182,-326.83,
880.484,-207.83,
880.786,-37.83,
881.088,-191.83,
0.881,-150.83,
881.692,-44.83,
881.994,-78.83,
882.296,-125.83,
882.597,-378.83,
882.899,-123.83,
0.883,-112.83,
883.502,-36.83,
883.803,-174.83,
884.105,766.17,
884.406,-154.83,
884.707,-146.83,
885.009,-343.83,
0.885,-354.83,
885.611,-205.83,
885.912,-110.83,
886.213,-68.83,
886.514,-409.83,
886.815,1053.17,
887.116,-17.83,
887.417,-107.83,
887.718,238.17,
888.019,10.17,
888.319,-2.83,
0.889,-105.83,
888.921,-302.83,
889.221,-202.83,
889.522,118.17,
889.822,-302.83,
890.122,-378.83,
890.423,-267.83,
890.723,-183.83,
891.023,-377.83,
891.324,-16.83,
891.624,131.17,
891.924,-120.83,
892.224,-206.83,
892.524,-67.83,
892.824,-180.83,
893.124,2.17,
893.424,-19.83,
893.723,-92.83,
894.023,-183.83,
894.323,-368.83,
894.623,-155.83,
894.922,-126.83,
895.222,86.17,
895.521,-359.83,
895.821,-370.83,
0.896,-377.83,
896.419,-309.83,
896.719,-143.83,
897.018,-87.83,
897.317,76.17,
897.616,3.17,
897.915,-47.83,
898.215,-164.83,
898.514,196.17,
898.812,-145.83,
899.111,361.17,
0.899,-145.83,
899.709,692.17,
900.008,-88.83,
900.306,-307.83,
900.605,-110.83,
900.904,-195.83,
901.202,-332.83,
901.501,-34.83,
901.799,-206.83,
902.098,-190.83,
902.396,-182.83,
902.694,4.17,
902.992,-35.83,
903.291,-127.83,
903.589,-47.83,
903.887,-218.83,
904.185,161.17,
904.483,37.17,
