lambda (nm),counts
179.631,-65.58
180.012,218.42
180.394,-70.58
180.775,-270.58
181.157,429.42
181.538,-63.58
0.182,563.42
182.301,-197.58
182.683,-71.58
183.064,-128.58
183.446,-269.58
183.827,-73.58
184.208,-333.58
0.185,-453.58
184.971,-469.58
185.352,-217.58
185.733,-304.58
186.115,-310.58
186.496,-266.58
186.877,-77.58
187.258,-172.58
187.639,24.42
0.188,-246.58
188.401,-187.58
188.782,16.42
189.163,-240.58
189.544,-398.58
189.925,-267.58
190.306,-234.58
190.686,-74.58
191.067,-85.58
191.448,-279.58
191.829,-328.58
0.192,-270.58
0.193,654.42
192.971,-328.58
193.351,-189.58
193.732,-155.58
194.113,-110.58
194.493,-225.58
194.874,-288.58
195.254,353.42
195.635,-263.58
196.015,-262.58
196.396,-129.58
196.776,-381.58
197.156,-341.58
197.537,-371.58
197.917,-100.58
198.297,-284.58
198.677,-419.58
199.057,-253.58
199.438,-215.58
199.818,-290.58
200.198,-345.58
200.578,6.42
200.958,-280.58
201.338,-382.58
201.718,-370.58
202.098,-152.58
202.478,114.42
202.858,-329.58
203.238,-432.58
203.618,-356.58
203.997,-353.58
204.377,-89.58
204.757,-199.58
205.137,-261.58
205.516,49.42
205.896,-327.58
206.276,-325.58
206.655,-334.58
207.035,-462.58
207.414,-159.58
207.794,-100.58
208.173,-271.58
208.553,-336.58
208.932,-378.58
209.312,-288.58
209.691,-240.58
0.210,-268.58
0.210,514.42
210.829,-440.58
211.208,-260.58
211.588,-254.58
211.967,-465.58
212.346,-239.58
212.725,-139.58
213.104,-245.58
213.483,-487.58
213.862,-254.58
214.241,-493.58
0.215,142.42
214.999,-403.58
215.378,54.42
215.757,-90.58
216.136,-299.58
216.515,-237.58
216.894,-365.58
217.272,-325.58
217.651,-33.58
0.218,-326.58
218.409,-330.58
218.787,55.42
219.166,-506.58
219.545,-371.58
219.923,-219.58
220.302,-336.58
0.221,-218.58
221.059,-431.58
221.437,-341.58
221.816,-306.58
222.194,-194.58
222.572,-320.58
222.951,-279.58
223.329,-191.58
223.707,-271.58
224.085,-227.58
224.464,-307.58
224.842,-136.58
0.225,-302.58
225.598,-426.58
225.976,-395.58
226.354,-380.58
226.732,-364.58
0.227,-278.58
227.488,-279.58
227.866,-530.58
228.244,-229.58
228.622,-310.58
0.229,-182.58
229.378,-180.58
229.756,-375.58
230.133,-399.58
230.511,-468.58
230.889,-401.58
231.267,-430.58
231.644,-281.58
232.022,-372.58
232.399,-108.58
232.777,-84.58
233.154,-323.58
233.532,-294.58
233.909,-305.58
234.287,-53.58
234.664,-103.58
235.042,-439.58
235.419,-459.58
235.796,-150.58
236.174,-387.58
236.551,-241.58
236.928,-540.58
237.305,-337.58
237.682,-362.58
0.238,-315.58
238.437,-260.58
238.814,-25.58
239.191,-261.58
239.568,-281.58
239.945,-273.58
240.322,-252.58
240.699,-272.58
241.076,-387.58
241.452,-387.58
241.829,-334.58
242.206,-202.58
242.583,-47.58
0.243,-313.58
243.336,-117.58
243.713,284.42
0.244,-129.58
244.466,-339.58
244.843,-230.58
245.219,-283.58
245.596,-237.58
245.972,-303.58
246.349,-409.58
246.725,-434.58
247.102,-371.58
247.478,-412.58
247.855,-173.58
248.231,-360.58
248.607,-589.58
248.983,-335.58
0.249,818.42
249.736,-421.58
250.112,-461.58
250.488,-245.58
250.864,-282.58
0.251,-436.58
251.616,-316.58
251.992,-427.58
252.368,-410.58
252.744,-372.58
0.253,538.42
253.496,-322.58
253.872,455.42
254.248,-259.58
254.624,-344.58
254.999,-320.58
255.375,-192.58
255.751,-404.58
256.126,-372.58
256.502,-414.58
256.878,-369.58
257.253,-351.58
257.629,-433.58
258.004,-316.58
0.258,-291.58
258.755,-308.58
259.131,-410.58
259.506,-277.58
259.882,32.42
260.257,-382.58
260.632,-372.58
261.007,-391.58
261.383,-289.58
261.758,-357.58
262.133,-203.58
262.508,-497.58
262.883,-131.58
263.258,-173.58
263.633,-340.58
264.008,-334.58
264.383,-355.58
264.758,-99.58
265.133,-88.58
265.508,-306.58
265.883,-215.58
266.258,-352.58
266.633,-520.58
267.008,-288.58
267.382,-446.58
267.757,-348.58
268.132,-476.58
268.506,-273.58
268.881,-275.58
269.256,-379.58
0.270,-431.58
270.005,-413.58
270.379,-286.58
270.754,-178.58
271.128,-405.58
271.502,-440.58
271.877,-395.58
272.251,-436.58
272.626,-388.58
0.273,-291.58
273.374,-467.58
273.748,-335.58
274.122,-265.58
274.497,-492.58
274.871,-86.58
275.245,-396.58
275.619,-494.58
275.993,-221.58
276.367,-413.58
276.741,-246.58
277.115,-232.58
277.489,-390.58
277.863,-381.58
278.236,-391.58
0.279,-188.58
278.984,524.42
279.358,-380.58
279.732,-265.58
280.105,-439.58
280.479,-365.58
280.852,-358.58
281.226,-297.58
0.282,-273.58
281.973,-322.58
282.347,-356.58
0.283,-180.58
283.094,-319.58
283.467,-283.58
0.284,-350.58
284.214,-166.58
284.587,-375.58
0.285,-211.58
285.333,-327.58
285.707,-422.58
0.286,-216.58
286.453,-209.58
286.826,559.42
287.199,-253.58
287.572,-227.58
287.945,-311.58
288.318,-327.58
288.691,-99.58
289.064,-271.58
289.437,-469.58
0.290,-261.58
290.183,-274.58
290.556,-149.58
290.928,-369.58
291.301,-477.58
291.674,-484.58
292.046,-273.58
292.419,-68.58
292.792,-466.58
293.164,-307.58
293.537,-377.58
293.909,-433.58
294.282,-329.58
294.654,-212.58
295.027,-411.58
295.399,-442.58
295.771,-358.58
296.144,-265.58
296.516,-112.58
296.888,-130.58
297.261,340.42
297.633,-264.58
298.005,-297.58
298.377,246.42
298.749,-501.58
299.121,-337.58
299.493,-566.58
299.865,-469.58
300.237,-491.58
300.609,-266.58
300.981,-125.58
301.353,-251.58
301.725,-367.58
302.097,-196.58
302.468,-350.58
0.303,-294.58
303.212,-186.58
303.584,-389.58
303.955,-279.58
304.327,-304.58
304.698,-392.58
0.305,-326.58
305.442,-399.58
305.813,-191.58
306.184,-73.58
306.556,506.42
306.927,-417.58
307.299,-319.58
0.308,-367.58
308.041,-285.58
308.413,-270.58
308.784,-312.58
309.155,-311.58
309.526,-272.58
309.897,-401.58
310.268,-134.58
0.311,-360.58
311.011,-438.58
311.382,-165.58
311.753,-349.58
312.123,-280.58
312.494,-220.58
312.865,-476.58
313.236,-437.58
313.607,-365.58
313.978,-421.58
314.348,-283.58
314.719,-276.58
0.315,-346.58
315.461,-137.58
315.831,-195.58
316.202,-436.58
316.572,-383.58
316.943,-382.58
317.313,-82.58
317.684,-481.58
318.054,-543.58
318.425,-351.58
318.795,-368.58
319.165,-325.58
319.536,-120.58
319.906,-317.58
320.276,-360.58
320.646,-414.58
321.016,-313.58
321.387,-321.58
321.757,-265.58
322.127,-377.58
322.497,-404.58
322.867,-206.58
323.237,-500.58
323.607,-321.58
323.977,-217.58
324.346,-477.58
324.716,-412.58
325.086,-495.58
325.456,-319.58
325.826,-373.58
326.195,-203.58
326.565,-139.58
326.935,-241.58
327.304,-358.58
327.674,-342.58
328.043,-267.58
328.413,-343.58
328.782,-123.58
329.152,-231.58
329.521,-389.58
329.891,-482.58
0.330,-278.58
330.629,-424.58
330.999,-321.58
331.368,-372.58
331.737,-261.58
332.106,-333.58
332.475,-235.58
332.845,-171.58
333.214,-308.58
333.583,-426.58
333.952,-105.58
334.321,-429.58
0.335,-335.58
335.059,-161.58
335.427,-293.58
335.796,-425.58
336.165,-556.58
336.534,-449.58
336.903,-422.58
337.271,-340.58
0.338,-187.58
338.009,-291.58
338.377,-208.58
338.746,-337.58
339.114,376.42
339.483,-111.58
339.852,-249.58
0.340,-371.58
340.588,-158.58
340.957,-284.58
341.325,-453.58
341.693,-165.58
342.062,-373.58
0.342,-401.58
342.798,-327.58
343.166,-179.58
343.535,-384.58
343.903,-342.58
344.271,-342.58
344.639,545.42
345.007,-186.58
345.375,-286.58
345.743,-367.58
346.111,-465.58
346.479,-278.58
346.847,-363.58
347.214,-359.58
347.582,-341.58
0.348,-344.58
348.318,-198.58
348.685,-280.58
349.053,-207.58
349.421,-306.58
349.788,-254.58
350.156,-300.58
350.523,-389.58
350.891,-399.58
351.258,-470.58
351.626,-356.58
351.993,-333.58
0.352,-446.58
352.728,-367.58
353.095,-304.58
353.462,-404.58
0.354,-418.58
354.197,-267.58
354.564,-202.58
354.931,-354.58
355.298,-163.58
355.665,521.42
356.032,-508.58
356.399,-114.58
356.766,-332.58
357.133,-438.58
0.358,-403.58
357.867,184.42
358.234,-272.58
0.359,-283.58
358.967,-369.58
359.334,-324.58
359.701,-241.58
360.067,-355.58
360.434,-263.58
360.801,-220.58
361.167,-277.58
361.534,-519.58
0.362,-337.58
362.267,-429.58
362.633,-313.58
362.999,-493.58
363.366,-336.58
363.732,-252.58
364.098,-343.58
364.465,-298.58
364.831,-352.58
365.197,-268.58
365.563,-110.58
365.929,-244.58
366.295,-298.58
366.661,-382.58
367.027,-211.58
367.393,-386.58
367.759,-391.58
368.125,235.42
368.491,-198.58
368.857,-426.58
369.223,-195.58
369.589,-250.58
369.954,-282.58
0.370,-15.58
370.686,-429.58
371.051,-309.58
371.417,-405.58
371.782,-368.58
372.148,-339.58
372.513,-338.58
372.879,-331.58
373.244,-312.58
0.374,-202.58
373.975,-454.58
374.341,-358.58
374.706,-254.58
375.071,-445.58
375.436,-257.58
375.802,-329.58
376.167,-357.58
376.532,-348.58
376.897,-278.58
377.262,-333.58
377.627,-177.58
377.992,-165.58
378.357,-341.58
378.722,-483.58
379.087,-448.58
379.452,-365.58
379.816,-371.58
380.181,-429.58
380.546,-363.58
380.911,-355.58
381.275,-88.58
0.382,-446.58
382.005,-236.58
382.369,-360.58
382.734,-94.58
383.098,-300.58
383.463,-99.58
383.827,-361.58
384.192,-282.58
384.556,-379.58
0.385,-498.58
385.285,-436.58
385.649,-238.58
386.013,-391.58
386.377,-167.58
386.742,-376.58
387.106,-281.58
0.387,-229.58
387.834,-416.58
388.198,-183.58
388.562,-457.58
388.926,-320.58
0.389,-284.58
389.654,-445.58
390.018,-358.58
390.381,-368.58
390.745,-361.58
391.109,-435.58
391.473,-370.58
391.836,-449.58
0.392,-65.58
392.564,-291.58
392.927,-120.58
393.291,-420.58
393.654,-374.58
394.018,-149.58
394.381,-281.58
394.745,-293.58
395.108,-362.58
395.471,-349.58
395.835,-122.58
396.198,-387.58
396.561,50.42
396.924,-307.58
397.287,-461.58
397.651,-335.58
398.014,-63.58
398.377,-166.58
0.399,-344.58
399.103,-166.58
399.466,1237.42
399.829,-264.58
400.191,-237.58
400.554,-185.58
400.917,-176.58
0.401,616.42
401.643,-236.58
402.005,-440.58
402.368,-279.58
402.731,-305.58
403.093,-239.58
403.456,-238.58
403.818,-334.58
404.181,-473.58
404.543,-205.58
404.906,-3.58
405.268,-374.58
405.631,-354.58
405.993,-178.58
406.355,-219.58
406.718,-275.58
0.407,-343.58
407.442,-389.58
407.804,-249.58
408.166,-139.58
408.528,-107.58
0.409,547.42
409.252,-155.58
409.614,-342.58
409.976,-313.58
410.338,-233.58
0.411,-335.58
411.062,-263.58
411.424,-247.58
411.785,-375.58
412.147,-472.58
412.509,738.42
412.871,-110.58
413.232,-228.58
413.594,-412.58
413.955,-197.58
414.317,-345.58
414.678,-90.58
0.415,-397.58
415.401,-277.58
415.763,-356.58
416.124,-169.58
416.485,-16.58
416.847,-359.58
417.208,-32.58
417.569,-316.58
0.418,-311.58
418.291,-326.58
418.652,-301.58
419.013,-92.58
419.374,-195.58
419.735,539.42
420.096,-153.58
420.457,-333.58
420.818,-163.58
421.179,-403.58
0.422,-476.58
421.901,-462.58
422.261,-229.58
422.622,-346.58
422.983,-463.58
423.343,-61.58
423.704,-364.58
424.065,-275.58
424.425,-233.58
424.786,-295.58
425.146,-333.58
425.506,-441.58
425.867,-335.58
426.227,-338.58
426.588,-350.58
426.948,-101.58
427.308,-294.58
427.668,-156.58
428.028,-309.58
428.389,-329.58
428.749,-306.58
429.109,-264.58
429.469,-184.58
429.829,339.42
430.189,-297.58
430.549,-393.58
430.909,-413.58
431.268,-384.58
431.628,-297.58
431.988,-305.58
432.348,-242.58
432.707,-57.58
433.067,-368.58
433.427,-295.58
433.786,-202.58
434.146,-204.58
434.506,-139.58
434.865,-457.58
435.224,-372.58
435.584,-270.58
435.943,-162.58
436.303,-240.58
436.662,-453.58
437.021,-145.58
0.437,-87.58
0.438,-251.58
438.099,-348.58
438.458,-388.58
438.817,-370.58
439.176,-297.58
439.535,-317.58
439.894,30.42
440.253,-477.58
440.612,-413.58
440.971,-282.58
0.441,-194.58
441.689,-350.58
442.047,-378.58
442.406,-96.58
442.765,-317.58
443.124,-133.58
443.482,-384.58
443.841,-431.58
444.199,-80.58
444.558,-257.58
444.916,88.42
445.275,-203.58
445.633,-344.58
445.992,-214.58
0.446,-171.58
446.708,-494.58
447.066,-335.58
447.425,-438.58
447.783,-426.58
448.141,-262.58
448.499,-384.58
448.857,-159.58
449.215,-188.58
449.573,-283.58
449.931,-56.58
450.289,-125.58
450.647,-205.58
451.005,-371.58
451.363,-438.58
451.721,-277.58
452.078,-343.58
452.436,-373.58
452.794,430.42
453.152,-314.58
453.509,-121.58
453.867,-347.58
454.224,-126.58
454.582,-266.58
454.939,-373.58
455.297,-281.58
455.654,-242.58
456.011,-386.58
456.369,-311.58
456.726,-542.58
457.083,-470.58
457.441,-205.58
457.798,-264.58
458.155,-134.58
458.512,-236.58
458.869,-21.58
459.226,-195.58
459.583,110.42
0.460,-279.58
460.297,-311.58
460.654,-253.58
461.011,-306.58
461.368,-279.58
461.724,-365.58
462.081,-455.58
462.438,-233.58
462.794,-407.58
463.151,-383.58
463.508,-362.58
463.864,-427.58
464.221,431.42
464.577,-398.58
464.934,-323.58
0.465,-417.58
465.646,-196.58
466.003,-129.58
466.359,-311.58
466.715,-159.58
467.072,-189.58
467.428,-212.58
467.784,-235.58
0.468,-280.58
468.496,-180.58
468.852,-426.58
469.208,-229.58
469.564,918.42
0.470,-162.58
470.276,-298.58
470.632,-282.58
470.988,-35.58
471.343,-337.58
471.699,-236.58
472.055,-289.58
472.411,-372.58
472.766,-322.58
473.122,-121.58
473.477,-230.58
473.833,-305.58
474.188,-372.58
474.544,-150.58
474.899,-270.58
475.255,-324.58
0.476,-347.58
475.965,-251.58
476.321,-375.58
476.676,-317.58
477.031,-300.58
477.386,-108.58
477.741,-312.58
478.096,-250.58
478.451,-457.58
478.806,-220.58
479.161,-191.58
479.516,-436.58
479.871,-423.58
480.226,-12.58
480.581,344.42
480.936,-173.58
0.481,-168.58
481.645,-325.58
0.482,-151.58
482.354,169.42
482.709,-365.58
483.064,-449.58
483.418,-167.58
483.773,-356.58
484.127,-448.58
484.482,-506.58
484.836,-330.58
0.485,-319.58
485.545,-285.58
485.899,-398.58
486.253,-84.58
486.607,-230.58
486.961,-199.58
487.315,782.42
0.488,-413.58
488.024,-272.58
488.378,-318.58
488.732,-475.58
489.086,-235.58
489.439,-358.58
489.793,-128.58
490.147,308.42
490.501,-132.58
490.855,39.42
491.208,-224.58
491.562,-244.58
491.916,-326.58
492.269,-174.58
492.623,-56.58
492.976,-464.58
0.493,-391.58
493.683,-344.58
494.037,-225.58
0.494,-35.58
494.743,-78.58
495.097,-239.58
0.495,-268.58
495.803,-257.58
496.156,-241.58
496.509,-392.58
496.862,-360.58
497.215,-460.58
497.569,-225.58
497.922,-321.58
498.274,-317.58
498.627,-207.58
0.499,-286.58
499.333,-327.58
499.686,-200.58
500.039,-229.58
500.391,-217.58
500.744,-279.58
501.097,-177.58
501.449,-151.58
501.802,-326.58
502.154,-202.58
502.507,-285.58
502.859,-270.58
503.212,-7.58
503.564,451.42
503.917,-249.58
504.269,-317.58
504.621,-169.58
504.973,73.42
505.326,-363.58
505.678,-404.58
0.506,8.42
506.382,-357.58
506.734,-275.58
507.086,-276.58
507.438,-396.58
0.508,-162.58
508.142,-314.58
508.494,-305.58
508.845,-266.58
509.197,-367.58
509.549,-219.58
509.901,503.42
510.252,-314.58
510.604,-340.58
510.956,-60.58
511.307,-357.58
511.659,-208.58
0.512,-445.58
512.361,-251.58
512.713,-138.58
513.064,-309.58
513.416,-311.58
513.767,-391.58
514.118,-507.58
514.469,-133.58
0.515,-371.58
515.172,-328.58
515.523,-303.58
515.874,121.42
516.225,-220.58
516.576,-130.58
516.927,-189.58
517.278,-199.58
517.628,-218.58
517.979,-156.58
0.518,-259.58
518.681,-275.58
519.031,-419.58
519.382,25.42
519.733,-404.58
520.083,-371.58
520.434,-271.58
520.784,-315.58
521.135,-228.58
521.485,-311.58
521.836,-231.58
522.186,-341.58
522.536,-173.58
522.887,-332.58
523.237,-149.58
523.587,-304.58
523.937,-321.58
524.287,-108.58
524.638,-345.58
524.988,-115.58
525.338,-209.58
525.688,-332.58
526.038,-297.58
526.387,-334.58
526.737,-201.58
527.087,-117.58
527.437,-275.58
527.787,-165.58
528.136,-246.58
528.486,-57.58
528.836,-275.58
529.185,-346.58
529.535,-218.58
529.884,48.42
530.234,-240.58
530.583,-76.58
530.933,-218.58
531.282,-282.58
531.631,-191.58
531.981,7.42
0.532,-349.58
532.679,-391.58
533.028,185.42
533.377,103.42
533.726,-354.58
534.076,-226.58
534.425,-263.58
534.774,-313.58
535.122,-314.58
535.471,-287.58
0.536,-227.58
536.169,-77.58
536.518,-27.58
536.867,244.42
537.215,-164.58
537.564,-312.58
537.913,-286.58
538.261,-122.58
0.539,-245.58
538.958,-166.58
539.307,-347.58
539.655,-284.58
540.003,-160.58
540.352,-400.58
0.541,-301.58
541.048,-91.58
541.397,-348.58
541.745,-214.58
542.093,39.42
542.441,-402.58
542.789,-178.58
543.137,-242.58
543.485,-44.58
543.833,-170.58
544.181,-280.58
544.529,-46.58
544.877,-468.58
545.225,-252.58
545.572,-237.58
0.546,-299.58
546.268,-325.58
546.615,-178.58
546.963,-187.58
547.311,-184.58
547.658,-224.58
548.006,-247.58
548.353,-250.58
548.701,-153.58
549.048,-156.58
549.395,-180.58
549.743,-287.58
0.550,-152.58
550.437,-346.58
550.784,-272.58
551.131,-160.58
551.478,202.42
551.825,-277.58
552.173,-49.58
552.519,-129.58
552.866,-153.58
553.213,-126.58
0.554,-296.58
553.907,-125.58
554.254,-193.58
554.601,75.42
554.947,-391.58
555.294,-312.58
555.641,-287.58
555.987,-240.58
556.334,-91.58
0.557,-233.58
557.027,-156.58
557.373,-92.58
557.719,-26.58
558.066,-106.58
558.412,-273.58
558.758,-410.58
559.105,-188.58
559.451,-353.58
559.797,-63.58
560.143,-376.58
560.489,-119.58
560.835,-287.58
561.181,-245.58
561.527,184.42
561.873,-147.58
562.219,-406.58
562.565,-353.58
562.911,-247.58
563.256,-271.58
563.602,-161.58
563.948,-203.58
564.293,-139.58
564.639,-154.58
564.985,-355.58
0.565,-407.58
565.676,-321.58
566.021,-279.58
566.366,-129.58
566.712,-283.58
567.057,-355.58
567.402,-330.58
567.748,-118.58
568.093,80.42
568.438,-117.58
568.783,-1.58
569.128,532.42
569.473,-80.58
569.818,-186.58
570.163,-49.58
570.508,-76.58
570.853,-240.58
571.198,-145.58
571.543,-308.58
571.887,-23.58
572.232,-190.58
572.577,-180.58
572.921,-233.58
573.266,-71.58
573.611,717.42
573.955,-170.58
0.574,-139.58
574.644,-101.58
574.988,-60.58
575.333,-219.58
575.677,-289.58
576.021,-129.58
576.366,-153.58
0.577,-125.58
577.054,42.42
577.398,-378.58
577.742,-31.58
578.086,-219.58
0.578,-0.58
578.774,-89.58
579.118,-193.58
579.462,-277.58
579.806,-132.58
0.580,58.42
580.493,-128.58
580.837,-84.58
581.181,-129.58
581.524,-68.58
581.868,-192.58
582.212,-230.58
582.555,-14.58
582.899,96.42
583.242,1.42
583.585,1318.42
583.929,5.42
584.272,233.42
584.615,1170.42
584.959,4.42
585.302,24.42
585.645,-36.58
585.988,90.42
586.331,120.42
586.674,256.42
587.017,764.42
0.587,112.42
587.703,186.42
588.046,74.42
588.389,375.42
588.732,298.42
589.074,182.42
589.417,36.42
0.590,297.42
590.102,110.42
590.445,274.42
590.788,307.42
0.591,315.42
591.473,492.42
591.815,121.42
592.157,504.42
0.593,376.42
592.842,256.42
593.184,265.42
593.526,296.42
593.869,613.42
594.211,548.42
594.553,584.42
594.895,547.42
595.237,716.42
595.579,521.42
595.921,604.42
596.263,801.42
596.605,709.42
596.947,1235.42
597.288,920.42
0.598,1504.42
597.972,983.42
598.313,827.42
598.655,818.42
598.997,1077.42
599.338,978.42
0.600,948.42
600.021,921.42
600.362,1279.42
600.704,1285.42
601.045,1406.42
601.386,1361.42
601.728,1531.42
602.069,1605.42
0.602,1786.42
602.751,1877.42
603.092,1977.42
603.433,3071.42
603.774,2059.42
604.115,1993.42
604.456,2106.42
604.797,2156.42
605.138,2229.42
605.479,2571.42
0.606,2616.42
0.606,3035.42
606.501,3211.42
606.842,3503.42
607.182,3613.42
607.523,3824.42
607.863,4248.42
608.204,4457.42
608.544,4679.42
608.885,4697.42
609.225,5127.42
609.565,4901.42
609.905,4974.42
610.246,5270.42
610.586,5129.42
610.926,5759.42
611.266,5734.42
611.606,6263.42
611.946,6375.42
612.286,7201.42
612.626,7583.42
612.966,8539.42
613.306,8927.42
613.646,9410.42
613.985,9912.42
614.325,10217.42
614.665,10708.42
615.005,10634.42
615.344,10699.42
615.684,11567.42
616.023,11292.42
616.363,11210.42
616.702,11679.42
617.042,12239.42
617.381,12909.42
0.618,13406.42
0.618,14238.42
618.399,15225.42
618.738,16019.42
619.077,17615.42
619.416,17979.42
619.755,18907.42
620.094,19415.42
620.433,20312.42
620.772,20076.42
621.111,20126.42
0.621,20134.42
621.789,19761.42
622.128,20085.42
622.466,19741.42
622.805,19660.42
623.144,20333.42
623.482,21123.42
623.821,22061.42
624.159,24001.42
624.498,24810.42
624.836,26246.42
625.175,28739.42
625.513,30788.42
625.851,33303.42
0.626,33867.42
626.528,35218.42
626.866,36108.42
627.204,37480.42
627.542,37901.42
627.881,37037.42
628.219,36768.42
628.557,36189.42
628.895,36176.42
629.232,36133.42
0.630,36491.42
629.908,36632.42
630.246,37095.42
630.584,37855.42
630.921,38780.42
631.259,39844.42
631.597,40535.42
631.934,39734.42
632.272,39946.42
632.609,39378.42
632.947,38428.42
633.284,36660.42
633.621,34006.42
633.959,31536.42
634.296,28358.42
634.633,25826.42
634.971,23230.42
635.308,20989.42
635.645,18834.42
635.982,17298.42
636.319,15890.42
636.656,14506.42
636.993,13600.42
0.637,12720.42
637.667,12289.42
638.003,11818.42
0.638,11157.42
638.677,10508.42
639.014,9940.42
0.639,9383.42
639.687,8827.42
640.023,8457.42
0.640,7724.42
640.696,7239.42
641.033,6604.42
641.369,6206.42
641.706,5878.42
642.042,5321.42
642.378,5034.42
642.715,4911.42
643.051,4631.42
643.387,4367.42
643.723,4155.42
644.059,4372.42
644.395,3675.42
644.731,3579.42
645.067,3414.42
645.403,3414.42
645.739,3196.42
646.075,2774.42
0.646,3007.42
646.746,2541.42
647.082,4574.42
647.417,2996.42
647.753,2101.42
648.089,1918.42
648.424,1729.42
0.649,1435.42
649.095,1550.42
0.649,1402.42
649.766,1513.42
650.101,1062.42
650.436,868.42
650.771,1072.42
651.107,1084.42
651.442,894.42
651.777,662.42
652.112,665.42
652.447,667.42
652.782,667.42
653.117,716.42
653.452,915.42
653.787,629.42
654.121,1322.42
654.456,600.42
654.791,432.42
655.125,394.42
0.655,368.42
655.795,305.42
656.129,269.42
656.464,413.42
656.798,196.42
657.133,564.42
657.467,75.42
657.801,139.42
658.136,164.42
0.658,111.42
658.804,35.42
659.138,-56.58
659.472,42.42
659.806,233.42
0.660,-19.58
660.474,63.42
660.808,150.42
661.142,93.42
661.476,-149.58
0.662,102.42
662.144,0.42
662.477,179.42
662.811,52.42
663.145,4.42
663.478,53.42
663.812,-98.58
664.145,-84.58
664.479,-56.58
664.812,-101.58
665.146,-36.58
665.479,9.42
665.812,-43.58
666.146,-163.58
666.479,-207.58
666.812,-226.58
667.145,-264.58
667.478,-107.58
667.811,24.42
668.144,-101.58
668.477,-138.58
0.669,-254.58
669.143,12.42
669.476,-207.58
669.809,-204.58
670.141,-94.58
670.474,-185.58
670.807,-185.58
671.139,-160.58
671.472,-37.58
671.804,-292.58
672.137,561.42
672.469,718.42
672.802,11.42
673.134,-141.58
673.467,12.42
673.799,-173.58
674.131,-130.58
674.463,29.42
674.795,-261.58
675.127,-103.58
675.459,-164.58
675.792,-98.58
676.123,-139.58
676.455,-208.58
676.787,-276.58
677.119,-49.58
677.451,-247.58
677.783,-65.58
678.114,47.42
678.446,-198.58
678.778,-173.58
679.109,758.42
679.441,-336.58
679.772,-73.58
680.104,-25.58
680.435,-209.58
680.767,-114.58
681.098,-160.58
681.429,-88.58
0.682,-306.58
682.092,-114.58
682.423,-72.58
682.754,59.42
683.085,-234.58
683.416,-222.58
683.747,-193.58
684.078,-28.58
684.409,-92.58
0.685,-253.58
0.685,9.42
685.401,-232.58
685.732,-241.58
686.063,-35.58
686.393,-46.58
686.724,-331.58
687.054,-138.58
687.385,-237.58
687.715,-64.58
688.046,-230.58
688.376,91.42
688.706,-62.58
689.037,-287.58
689.367,-131.58
689.697,-364.58
690.027,-335.58
690.357,-5.58
690.687,-3.58
691.017,-265.58
691.347,-115.58
691.677,-113.58
692.007,-126.58
692.337,-199.58
692.667,-46.58
692.997,-236.58
693.326,-214.58
693.656,-244.58
693.986,-67.58
694.315,-15.58
694.645,127.42
694.974,-241.58
695.304,-191.58
695.633,-216.58
695.962,-184.58
696.292,-149.58
696.621,-356.58
0.697,-80.58
697.279,-184.58
697.609,-88.58
697.938,47.42
698.267,107.42
698.596,-331.58
698.925,-107.58
699.254,-208.58
699.583,-133.58
699.911,-280.58
0.700,-313.58
700.569,-94.58
700.898,-378.58
701.226,96.42
701.555,-346.58
701.883,-341.58
702.212,-182.58
0.703,-223.58
702.869,-196.58
703.197,-168.58
703.526,-273.58
703.854,-30.58
704.182,-129.58
0.705,38.42
704.839,-392.58
705.167,-29.58
705.495,-162.58
705.823,-193.58
706.151,44.42
706.479,-265.58
706.807,-249.58
707.135,-316.58
707.462,43.42
0.708,21.42
708.118,-21.58
708.446,-308.58
708.773,-198.58
709.101,218.42
709.429,-61.58
709.756,-84.58
710.084,-286.58
710.411,-165.58
710.738,-5.58
711.066,-196.58
711.393,-75.58
0.712,-226.58
712.047,-115.58
712.375,249.42
712.702,-101.58
713.029,-224.58
713.356,271.42
713.683,-125.58
0.714,-197.58
714.337,-278.58
714.663,-189.58
0.715,-393.58
715.317,-311.58
715.644,-197.58
0.716,-426.58
716.297,-33.58
716.624,-53.58
0.717,-199.58
717.277,-326.58
717.603,-108.58
0.718,-155.58
718.256,-135.58
718.582,-178.58
718.908,-11.58
719.235,-77.58
719.561,-217.58
719.887,-326.58
720.213,-376.58
720.539,-68.58
720.865,-283.58
721.191,-389.58
721.517,-154.58
721.843,-136.58
722.169,-151.58
722.495,-229.58
0.723,40.42
723.146,-103.58
723.472,49.42
723.797,-241.58
724.123,-123.58
724.448,-55.58
724.774,-246.58
725.099,423.42
725.425,25.42
0.726,-107.58
726.075,-4.58
0.726,-180.58
726.726,-181.58
727.051,-261.58
727.376,-150.58
727.701,-118.58
728.026,-153.58
728.351,-224.58
728.676,-113.58
729.001,947.42
729.326,-126.58
729.651,-124.58
729.975,-80.58
0.730,-245.58
730.625,-299.58
730.949,-267.58
731.274,-306.58
731.598,254.42
731.923,-297.58
732.247,-106.58
732.572,-123.58
732.896,-65.58
0.733,-77.58
733.545,-220.58
733.869,-54.58
734.193,-18.58
734.517,-252.58
734.841,-16.58
735.165,74.42
735.489,-6.58
735.813,-348.58
736.137,-235.58
736.461,-185.58
736.785,-44.58
737.108,31.42
737.432,-196.58
737.756,-248.58
0.738,-233.58
738.403,-291.58
738.727,-165.58
0.739,-18.58
739.374,-471.58
739.697,-324.58
0.740,-179.58
740.344,-171.58
740.667,24.42
0.741,-226.58
741.313,-122.58
741.636,-328.58
0.742,-181.58
742.283,-180.58
742.606,-471.58
742.929,-303.58
743.251,-54.58
743.574,-111.58
743.897,-130.58
0.744,-309.58
744.543,-245.58
744.865,-154.58
745.188,-220.58
745.511,-466.58
745.833,55.42
746.156,-117.58
746.478,197.42
0.747,-48.58
747.123,-237.58
747.445,488.42
747.767,-221.58
0.748,-144.58
748.412,-163.58
748.734,-51.58
749.056,-86.58
749.378,-46.58
0.750,-206.58
750.022,-101.58
750.344,-144.58
750.666,-218.58
750.988,-141.58
751.309,-184.58
751.631,-141.58
751.953,-309.58
752.274,-314.58
752.596,330.42
752.918,-240.58
753.239,81.42
0.754,-109.58
753.882,-139.58
754.203,-148.58
754.525,-109.58
754.846,-274.58
755.167,-319.58
755.488,-137.58
755.809,-213.58
0.756,-180.58
756.451,-189.58
756.772,-149.58
757.093,-271.58
757.414,-92.58
757.735,-305.58
758.056,-297.58
758.377,17.42
758.697,-232.58
759.018,-18.58
759.339,-269.58
759.659,-113.58
0.760,-163.58
0.760,-272.58
760.621,-224.58
760.941,-261.58
761.262,-244.58
761.582,-265.58
761.902,-247.58
762.222,-123.58
762.543,-275.58
762.863,-356.58
763.183,-173.58
763.503,-116.58
763.823,-427.58
764.143,-244.58
764.463,-221.58
764.782,-21.58
765.102,-137.58
765.422,-122.58
765.742,-134.58
766.061,172.42
766.381,-265.58
766.701,-387.58
0.767,-243.58
0.767,-196.58
767.659,-254.58
767.978,-363.58
768.298,153.42
768.617,-273.58
768.936,-111.58
769.255,-127.58
769.575,-268.58
769.894,-183.58
770.213,-235.58
770.532,-243.58
770.851,-203.58
0.771,-170.58
771.489,-318.58
771.807,-153.58
772.126,-327.58
772.445,-165.58
772.764,-87.58
773.082,-130.58
773.401,-163.58
773.719,-44.58
774.038,-313.58
774.356,-250.58
774.675,-268.58
774.993,-57.58
775.312,-206.58
0.776,61.42
775.948,-168.58
776.266,332.42
776.584,-305.58
776.902,-437.58
777.221,-194.58
777.539,-238.58
777.856,-146.58
778.174,-165.58
778.492,-276.58
0.779,-139.58
779.128,-20.58
779.446,-281.58
779.763,-239.58
780.081,-353.58
780.398,-347.58
780.716,-285.58
781.033,-214.58
781.351,-282.58
781.668,-268.58
781.986,74.42
782.303,-280.58
0.783,-162.58
782.937,-270.58
783.255,-302.58
783.572,-137.58
783.889,-175.58
784.206,-217.58
784.523,-262.58
0.785,-239.58
785.157,-316.58
785.473,-248.58
0.786,-278.58
786.107,-329.58
786.424,-61.58
0.787,-246.58
787.057,-295.58
787.373,-177.58
0.788,-17.58
788.006,20.42
788.323,274.42
788.639,1212.42
788.956,-367.58
789.272,-203.58
789.588,-209.58
789.904,-75.58
0.790,-31.58
790.536,-61.58
790.852,295.42
791.168,-202.58
791.484,-321.58
0.792,-110.58
792.116,-237.58
792.432,-283.58
792.748,-90.58
793.063,-83.58
793.379,-274.58
793.695,-83.58
0.794,-329.58
794.326,120.42
794.641,-334.58
794.957,-98.58
795.272,-137.58
795.587,-297.58
795.903,-179.58
796.218,-406.58
796.533,-76.58
796.848,66.42
797.163,-206.58
797.479,-167.58
797.794,-120.58
798.108,-183.58
798.423,-41.58
798.738,-229.58
799.053,20.42
799.368,-321.58
799.683,-300.58
799.997,-191.58
800.312,-184.58
800.626,-282.58
800.941,13.42
801.255,-131.58
0.802,-79.58
801.884,-247.58
802.199,-187.58
802.513,445.42
802.827,-237.58
803.141,-273.58
803.456,-240.58
0.804,-176.58
804.084,-349.58
804.398,-117.58
804.712,-106.58
805.026,-287.58
0.805,-240.58
805.653,13.42
805.967,-312.58
806.281,-32.58
806.595,-117.58
806.908,-18.58
807.222,-304.58
807.535,-90.58
807.849,-62.58
808.162,-69.58
808.476,-247.58
808.789,30.42
809.102,-202.58
809.416,-296.58
809.729,111.42
810.042,392.42
810.355,-208.58
810.668,-83.58
810.981,-149.58
811.294,-173.58
811.607,-142.58
0.812,-117.58
812.233,-56.58
812.546,-100.58
812.858,-405.58
813.171,0.42
813.484,-267.58
813.796,-220.58
814.109,-85.58
814.421,-249.58
814.734,-121.58
815.046,-232.58
815.358,-20.58
815.671,-263.58
815.983,-312.58
816.295,-213.58
816.607,-172.58
0.817,-64.58
817.232,-95.58
817.544,150.42
817.856,-232.58
818.168,-203.58
818.479,-103.58
818.791,-59.58
819.103,-119.58
819.415,-132.58
819.726,-221.58
820.038,-292.58
0.820,-347.58
820.661,-301.58
820.973,-347.58
821.284,-265.58
821.596,-80.58
821.907,1777.42
822.218,-28.58
822.529,-180.58
822.841,-306.58
823.152,-283.58
823.463,-62.58
823.774,-143.58
824.085,-52.58
824.396,49.42
824.707,-167.58
825.018,-163.58
825.329,-244.58
825.639,-57.58
0.826,-107.58
826.261,17.42
826.571,860.42
826.882,-416.58
827.193,-238.58
827.503,1186.42
827.813,-273.58
828.124,-38.58
828.434,-222.58
828.744,99.42
829.055,26.42
829.365,60.42
829.675,-253.58
829.985,-167.58
830.295,-199.58
830.605,-131.58
830.915,-91.58
831.225,-60.58
831.535,-350.58
831.845,-98.58
832.155,-155.58
832.464,12.42
832.774,-272.58
833.084,-235.58
833.393,-256.58
833.703,48.42
834.012,-287.58
834.322,-373.58
834.631,-226.58
0.835,-273.58
0.835,45.42
835.559,-67.58
835.868,157.42
836.177,-164.58
836.486,84.42
836.795,30.42
837.104,-211.58
837.413,-30.58
837.722,-215.58
838.031,102.42
0.838,-189.58
838.648,-134.58
838.957,-15.58
839.266,-181.58
839.574,6.42
839.883,-221.58
840.191,-98.58
0.841,-255.58
840.808,-214.58
841.117,1.42
841.425,-295.58
841.733,-82.58
842.041,-26.58
0.842,-171.58
842.658,-45.58
842.966,-182.58
843.274,-134.58
843.582,-148.58
0.844,-464.58
844.198,-208.58
844.505,142.42
844.813,5.42
845.121,-116.58
845.429,-255.58
845.736,-400.58
846.044,25.42
846.351,-191.58
846.659,-220.58
846.966,-222.58
847.274,-172.58
847.581,-228.58
847.888,-132.58
848.196,-15.58
848.503,-306.58
0.849,-214.58
849.117,-222.58
849.424,-230.58
849.731,-107.58
850.038,690.42
850.345,-146.58
850.652,-156.58
850.959,-182.58
851.265,68.42
851.572,-59.58
851.879,-281.58
852.185,-225.58
852.492,-231.58
852.798,4.42
853.105,-339.58
853.411,-208.58
853.718,-187.58
854.024,-46.58
0.854,-146.58
854.636,-199.58
854.943,-268.58
855.249,-76.58
855.555,-170.58
855.861,-87.58
856.167,-199.58
856.473,-21.58
856.779,-56.58
857.084,-62.58
0.857,-1.58
857.696,-26.58
858.002,3.42
858.307,-341.58
858.613,-180.58
858.918,-101.58
859.224,-162.58
859.529,-51.58
859.835,-163.58
0.860,205.42
860.445,-58.58
0.861,33.42
861.056,-42.58
861.361,-142.58
861.666,-170.58
861.971,-223.58
862.276,-121.58
862.581,81.42
862.886,-235.58
0.863,55.42
863.495,-269.58
0.864,-81.58
864.105,-88.58
864.409,-118.58
864.714,-243.58
865.018,-155.58
865.323,-284.58
865.627,-258.58
865.932,-209.58
866.236,88.42
0.867,-163.58
866.845,-153.58
867.149,-35.58
867.453,-12.58
867.757,-349.58
868.061,-209.58
868.365,-348.58
868.669,-329.58
868.973,-208.58
869.277,-172.58
869.581,103.42
869.884,-287.58
870.188,-49.58
870.492,152.42
870.795,-179.58
871.099,-34.58
871.402,-369.58
871.706,-77.58
872.009,-29.58
872.313,-147.58
872.616,-157.58
872.919,-209.58
873.222,-300.58
873.526,-116.58
873.829,-17.58
874.132,-86.58
874.435,-52.58
874.738,-204.58
875.041,-142.58
875.344,-211.58
875.646,-98.58
875.949,-149.58
876.252,-319.58
876.554,-84.58
876.857,-349.58
0.877,93.42
877.462,-96.58
877.765,92.42
878.067,-266.58
878.369,-31.58
878.672,45.42
878.974,10.42
879.276,-158.58
879.578,-151.58
0.880,17.42
880.182,-234.58
880.484,-122.58
880.786,-52.58
881.088,-120.58
0.881,-55.58
881.692,-11.58
881.994,-13.58
882.296,-117.58
882.597,-314.58
882.899,-125.58
0.883,-215.58
883.502,4.42
883.803,-165.58
884.105,720.42
884.406,-184.58
884.707,-65.58
885.009,-278.58
0.885,-274.58
885.611,-116.58
885.912,-69.58
886.213,-72.58
886.514,-319.58
886.815,902.42
887.116,-76.58
887.417,-108.58
887.718,168.42
888.019,77.42
888.319,-19.58
0.889,-8.58
888.921,-253.58
889.221,-202.58
889.522,154.42
889.822,-324.58
890.122,-355.58
890.423,-156.58
890.723,-164.58
891.023,-225.58
891.324,1.42
891.624,142.42
891.924,-154.58
892.224,-209.58
892.524,-123.58
892.824,-75.58
893.124,50.42
893.424,-82.58
893.723,-139.58
894.023,-182.58
894.323,-257.58
894.623,-179.58
894.922,-49.58
895.222,72.42
895.521,-303.58
895.821,-335.58
0.896,-333.58
896.419,-255.58
896.719,-176.58
897.018,-99.58
897.317,104.42
897.616,69.42
897.915,-77.58
898.215,-12.58
898.514,152.42
898.812,-104.58
899.111,324.42
0.899,-92.58
899.709,642.42
900.008,-149.58
900.306,-255.58
900.605,-137.58
900.904,-170.58
901.202,-191.58
901.501,-108.58
901.799,-132.58
902.098,-85.58
902.396,-215.58
902.694,111.42
902.992,-101.58
903.291,-125.58
903.589,-39.58
903.887,-218.58
904.185,124.42
904.483,102.42
